,0
0,sub-0221
1,sub-0222
2,sub-0223
3,sub-0224
4,sub-0225
5,sub-0226
6,sub-0227
7,sub-0228
8,sub-0229
9,sub-0230
10,sub-0231
11,sub-0232
12,sub-0233
13,sub-0235
14,sub-0241
15,sub-0242
16,sub-0244
17,sub-0245
18,sub-0249
19,sub-0252
20,sub-0258
21,sub-0260
22,sub-0266
23,sub-0270
24,sub-0284
25,sub-0293
26,sub-0310
27,sub-0312
28,sub-0357
29,sub-0371
30,sub-0372
31,sub-0373
32,sub-0376
33,sub-0377
34,sub-0378
35,sub-0379
36,sub-0380
37,sub-0381
38,sub-0382
39,sub-0383
40,sub-0384
41,sub-0385
42,sub-0386
43,sub-0388
44,sub-0389
45,sub-0390
46,sub-0391
47,sub-0392
48,sub-0393
49,sub-0395
50,sub-0396
51,sub-0397
52,sub-0398
53,sub-0399
54,sub-0400
55,sub-0401
56,sub-0402
57,sub-0403
58,sub-0404
59,sub-0405
60,sub-0406
61,sub-0408
62,sub-0409
63,sub-0411
64,sub-0412
65,sub-0413
66,sub-0414
67,sub-0415
68,sub-0416
69,sub-0417
70,sub-0418
71,sub-0419
72,sub-0420
73,sub-0421
74,sub-0423
75,sub-0424
76,sub-0425
77,sub-0426
78,sub-0427
79,sub-0428
80,sub-0429
81,sub-0430
82,sub-0431
83,sub-0432
84,sub-0433
85,sub-0434
86,sub-0435
87,sub-0436
88,sub-0437
89,sub-0438
90,sub-0439
91,sub-0440
92,sub-0441
93,sub-0442
94,sub-0443
95,sub-0445
96,sub-0446
97,sub-0447
98,sub-0448
99,sub-0455
100,sub-0456
101,sub-0457
102,sub-0458
103,sub-0459
104,sub-0460
105,sub-0461
106,sub-0464
107,sub-0466
108,sub-0467
109,sub-0468
110,sub-0469
111,sub-0470
112,sub-0471
113,sub-0473
114,sub-0475
115,sub-0476
116,sub-0477
117,sub-0478
118,sub-0479
119,sub-0480
120,sub-0481
121,sub-0482
122,sub-0483
123,sub-0484
124,sub-0485
125,sub-0486
126,sub-0487
127,sub-0488
128,sub-0489
129,sub-0490
130,sub-0491
131,sub-0492
132,sub-0493
133,sub-0494
134,sub-0495
135,sub-0496
136,sub-0497
137,sub-0498
138,sub-0499
139,sub-0500
140,sub-0501
141,sub-0502
142,sub-0503
143,sub-0504
144,sub-0505
145,sub-0506
146,sub-0507
147,sub-0508
148,sub-0509
149,sub-0510
150,sub-0511
151,sub-0512
152,sub-0513
153,sub-0514
154,sub-0515
155,sub-0516
156,sub-0517
157,sub-0518
158,sub-0519
159,sub-0520
160,sub-0521
161,sub-0522
162,sub-0523
163,sub-0524
164,sub-0525
165,sub-0526
166,sub-0527
167,sub-0528
168,sub-0529
169,sub-0530
170,sub-CONP0002
171,sub-CONP0008
172,sub-CONP0009
173,sub-CONP0010
174,sub-CONP0013
175,sub-CONP0014
176,sub-CONP0017
177,sub-CONP0019
178,sub-CONP0020
179,sub-CONP0029
180,sub-CONP0033
181,sub-CONP0034
182,sub-CONP0037
183,sub-CONP0038
184,sub-CONP0040
185,sub-CONP0044
186,sub-CONP0045
187,sub-CONP0047
188,sub-CONP0050
189,sub-CONP0052
190,sub-CONP0055
191,sub-CONP0057
192,sub-CONP0058
193,sub-CONP0059
194,sub-CONP0060
195,sub-CONP0061
196,sub-CONP0063
197,sub-CONP0066
198,sub-CONP0069
199,sub-CONP0072
200,sub-CONP0076
201,sub-CONP0078
202,sub-CONP0082
203,sub-CONP0083
204,sub-CONP0085
205,sub-CONP0087
206,sub-CONP0090
207,sub-CONP0091
208,sub-CONP0092
209,sub-CONP0093
210,sub-CONP0095
211,sub-CONP0097
212,sub-CONP0100
213,sub-CONP0101
214,sub-CONP0103
215,sub-CONP0105
216,sub-CONP0106
217,sub-CONP0107
218,sub-CONP0110
219,sub-CONP0115
220,sub-CONP0120
221,sub-CONP0122
222,sub-CONP0125
223,sub-CONP0126
224,sub-CONP0132
225,sub-CONP0133
226,sub-CONP0134
227,sub-CONP0136
228,sub-CONP0137
229,sub-CONP0141
230,sub-CONP0145
231,sub-CONP0150
232,sub-CONP0154
233,sub-CONP0155
234,sub-CONP0156
235,sub-CONP0157
236,sub-CONP0158
237,sub-CONP0159
238,sub-CONP0162
239,sub-CONP0163
240,sub-CONP0164
241,sub-CONP0168
242,sub-CONP0169
243,sub-CONP0170
244,sub-CONP0171
245,sub-CONP0173
246,sub-CONP0174
247,sub-CONP0177
248,sub-CONP0182
249,sub-CONP0183
250,sub-CONP0184
251,sub-CONP0186
252,sub-CONP0187
253,sub-CONP0191
254,sub-CONP0193
255,sub-CONP0195
256,sub-CONP0196
257,sub-CONP0201
258,sub-CONP0204
259,sub-CONP0206
260,sub-CONP0210
261,sub-CONP0211
262,sub-CONP0212
263,sub-CONP0217
264,sub-CONP0221
265,sub-CONP0223
266,sub-CONP0224
267,sub-CONP0227
268,sub-CONP0239
269,sub-CONP0241
270,sub-CONP0242
271,sub-CONP0244
272,sub-CONP0245
273,sub-CONP0254
274,sub-CONP0255
275,sub-CONP0258
276,sub-CONP0260
277,sub-CONP0262
278,sub-CONP0269
279,sub-CONP0276
280,sub-CONP0289
281,sub-CONP0303
282,sub-CONP0306
283,sub-CONP0308
284,sub-CONP0329
285,sub-CONP0333
286,sub-CONP0338
287,sub-CONP0347
288,sub-CONP0351
